day,timestamp,product,price,quantity,side,cash_after_fill,position_after_fill
-2,0,INTARIAN_PEPPER_ROOT,10005,9,BUY,-90045.0,9
-2,0,INTARIAN_PEPPER_ROOT,10008,17,BUY,-260181.0,26
-2,100,INTARIAN_PEPPER_ROOT,10006,11,BUY,-370247.0,37
-2,100,INTARIAN_PEPPER_ROOT,10008,16,BUY,-530375.0,53
-2,200,INTARIAN_PEPPER_ROOT,10008,20,BUY,-730535.0,73
-2,300,INTARIAN_PEPPER_ROOT,10006,7,BUY,-800577.0,80
-2,900,ASH_COATED_OSMIUM,9998,8,BUY,-880561.0,8
-2,8000,ASH_COATED_OSMIUM,10006,6,SELL,-820525.0,2
-2,10400,ASH_COATED_OSMIUM,10007,5,SELL,-770490.0,-3
-2,21800,ASH_COATED_OSMIUM,10004,8,BUY,-850522.0,5
-2,23800,ASH_COATED_OSMIUM,10003,7,BUY,-920543.0,12
-2,24900,ASH_COATED_OSMIUM,10006,4,SELL,-880519.0,8
-2,32100,ASH_COATED_OSMIUM,10005,10,SELL,-780469.0,-2
-2,32400,ASH_COATED_OSMIUM,10005,10,SELL,-680419.0,-12
-2,36000,ASH_COATED_OSMIUM,10006,10,SELL,-580359.0,-22
-2,41000,ASH_COATED_OSMIUM,10002,6,BUY,-640371.0,-16
-2,41200,ASH_COATED_OSMIUM,10002,10,BUY,-740391.0,-6
-2,43600,ASH_COATED_OSMIUM,10001,8,BUY,-820399.0,2
-2,46100,ASH_COATED_OSMIUM,10005,10,SELL,-720349.0,-8
-2,50000,ASH_COATED_OSMIUM,10008,3,SELL,-690325.0,-11
-2,52900,ASH_COATED_OSMIUM,10009,9,SELL,-600244.0,-20
-2,58300,ASH_COATED_OSMIUM,10006,4,BUY,-640268.0,-16
-2,62700,ASH_COATED_OSMIUM,9999,7,BUY,-710261.0,-9
-2,72700,ASH_COATED_OSMIUM,10000,9,SELL,-620261.0,-18
-2,73400,ASH_COATED_OSMIUM,10000,5,SELL,-570261.0,-23
-2,76600,ASH_COATED_OSMIUM,10003,8,SELL,-490237.0,-31
-2,77500,ASH_COATED_OSMIUM,10003,9,SELL,-400210.0,-40
-2,77700,ASH_COATED_OSMIUM,10003,6,SELL,-340192.0,-46
-2,78500,ASH_COATED_OSMIUM,10000,6,BUY,-400192.0,-40
-2,86500,ASH_COATED_OSMIUM,9997,6,BUY,-460174.0,-34
-2,86900,ASH_COATED_OSMIUM,10001,5,SELL,-410169.0,-39
-2,91700,ASH_COATED_OSMIUM,9992,9,BUY,-500097.0,-30
-2,97200,ASH_COATED_OSMIUM,9994,3,BUY,-530079.0,-27
-2,100400,ASH_COATED_OSMIUM,9992,4,BUY,-570047.0,-23
-2,103300,ASH_COATED_OSMIUM,9992,9,BUY,-659975.0,-14
-2,103700,ASH_COATED_OSMIUM,9997,10,SELL,-560005.0,-24
-2,105800,ASH_COATED_OSMIUM,9999,7,SELL,-490012.0,-31
-2,106900,ASH_COATED_OSMIUM,9995,6,BUY,-549982.0,-25
-2,112500,ASH_COATED_OSMIUM,10000,5,BUY,-599982.0,-20
-2,117900,ASH_COATED_OSMIUM,10004,4,SELL,-559966.0,-24
-2,128800,ASH_COATED_OSMIUM,9998,3,BUY,-589960.0,-21
-2,137800,ASH_COATED_OSMIUM,10002,5,SELL,-539950.0,-26
-2,139600,ASH_COATED_OSMIUM,9997,6,BUY,-599932.0,-20
-2,140900,ASH_COATED_OSMIUM,9999,10,BUY,-699922.0,-10
-2,141200,ASH_COATED_OSMIUM,10003,4,SELL,-659910.0,-14
-2,142700,ASH_COATED_OSMIUM,10002,5,BUY,-709920.0,-9
-2,148900,ASH_COATED_OSMIUM,10000,2,BUY,-729920.0,-7
-2,171300,ASH_COATED_OSMIUM,10001,8,SELL,-649912.0,-15
-2,173500,ASH_COATED_OSMIUM,10001,10,SELL,-549902.0,-25
-2,175100,ASH_COATED_OSMIUM,9998,8,BUY,-629886.0,-17
-2,181700,ASH_COATED_OSMIUM,10001,3,BUY,-659889.0,-14
-2,185900,ASH_COATED_OSMIUM,10003,5,SELL,-609874.0,-19
-2,192200,ASH_COATED_OSMIUM,9996,9,BUY,-699838.0,-10
-2,197200,ASH_COATED_OSMIUM,9996,2,BUY,-719830.0,-8
-2,199500,ASH_COATED_OSMIUM,9990,7,BUY,-789760.0,-1
-2,204200,ASH_COATED_OSMIUM,9996,5,SELL,-739780.0,-6
-2,216900,ASH_COATED_OSMIUM,9995,4,BUY,-779760.0,-2
-2,220300,ASH_COATED_OSMIUM,10000,4,SELL,-739760.0,-6
-2,221000,ASH_COATED_OSMIUM,10002,7,SELL,-669746.0,-13
-2,221500,ASH_COATED_OSMIUM,9998,4,BUY,-709738.0,-9
-2,226200,ASH_COATED_OSMIUM,9996,4,BUY,-749722.0,-5
-2,228300,ASH_COATED_OSMIUM,9996,5,BUY,-799702.0,0
-2,239000,ASH_COATED_OSMIUM,9995,4,BUY,-839682.0,4
-2,239900,ASH_COATED_OSMIUM,9999,9,SELL,-749691.0,-5
-2,242500,ASH_COATED_OSMIUM,9995,10,BUY,-849641.0,5
-2,246500,ASH_COATED_OSMIUM,10000,7,SELL,-779641.0,-2
-2,249200,ASH_COATED_OSMIUM,10000,5,SELL,-729641.0,-7
-2,254100,ASH_COATED_OSMIUM,10000,2,SELL,-709641.0,-9
-2,259200,ASH_COATED_OSMIUM,9993,6,BUY,-769599.0,-3
-2,263700,ASH_COATED_OSMIUM,9995,4,BUY,-809579.0,1
-2,266100,ASH_COATED_OSMIUM,9994,9,SELL,-719633.0,-8
-2,266700,ASH_COATED_OSMIUM,9991,10,BUY,-819543.0,2
-2,268400,ASH_COATED_OSMIUM,9991,10,BUY,-919453.0,12
-2,272400,ASH_COATED_OSMIUM,9996,7,SELL,-849481.0,5
-2,273300,ASH_COATED_OSMIUM,9991,5,BUY,-899436.0,10
-2,278700,ASH_COATED_OSMIUM,9992,3,BUY,-929412.0,13
-2,282000,ASH_COATED_OSMIUM,9995,9,SELL,-839457.0,4
-2,282500,ASH_COATED_OSMIUM,9994,9,SELL,-749511.0,-5
-2,290000,ASH_COATED_OSMIUM,9995,4,SELL,-709531.0,-9
-2,292000,ASH_COATED_OSMIUM,9992,7,BUY,-779475.0,-2
-2,294700,ASH_COATED_OSMIUM,9997,6,SELL,-719493.0,-8
-2,298300,ASH_COATED_OSMIUM,9993,7,BUY,-789444.0,-1
-2,303900,ASH_COATED_OSMIUM,9993,5,SELL,-739479.0,-6
-2,307300,ASH_COATED_OSMIUM,9989,5,BUY,-789424.0,-1
-2,324700,ASH_COATED_OSMIUM,9995,6,SELL,-729454.0,-7
-2,325400,ASH_COATED_OSMIUM,9996,7,SELL,-659482.0,-14
-2,329400,ASH_COATED_OSMIUM,9997,7,SELL,-589503.0,-21
-2,329800,ASH_COATED_OSMIUM,9995,5,BUY,-639478.0,-16
-2,332900,ASH_COATED_OSMIUM,9987,8,BUY,-719374.0,-8
-2,350900,ASH_COATED_OSMIUM,9994,9,SELL,-629428.0,-17
-2,356900,ASH_COATED_OSMIUM,9997,10,SELL,-529458.0,-27
-2,362500,ASH_COATED_OSMIUM,9999,3,BUY,-559455.0,-24
-2,368500,ASH_COATED_OSMIUM,10002,4,SELL,-519447.0,-28
-2,368800,ASH_COATED_OSMIUM,10002,4,SELL,-479439.0,-32
-2,372100,ASH_COATED_OSMIUM,9998,8,BUY,-559423.0,-24
-2,376300,ASH_COATED_OSMIUM,9997,6,BUY,-619405.0,-18
-2,377500,ASH_COATED_OSMIUM,9998,8,BUY,-699389.0,-10
-2,383900,ASH_COATED_OSMIUM,10000,5,BUY,-749389.0,-5
-2,384800,ASH_COATED_OSMIUM,10004,6,SELL,-689365.0,-11
-2,389300,ASH_COATED_OSMIUM,10005,7,SELL,-619330.0,-18
-2,389900,ASH_COATED_OSMIUM,10000,5,BUY,-669330.0,-13
-2,393100,ASH_COATED_OSMIUM,10005,7,SELL,-599295.0,-20
-2,396500,ASH_COATED_OSMIUM,10002,10,BUY,-699315.0,-10
-2,400500,ASH_COATED_OSMIUM,10005,9,SELL,-609270.0,-19
-2,400600,ASH_COATED_OSMIUM,10004,5,BUY,-659290.0,-14
-2,408900,ASH_COATED_OSMIUM,10006,10,SELL,-559230.0,-24
-2,409300,ASH_COATED_OSMIUM,10002,5,BUY,-609240.0,-19
-2,414800,ASH_COATED_OSMIUM,10003,4,BUY,-649252.0,-15
-2,426300,ASH_COATED_OSMIUM,10009,2,BUY,-669270.0,-13
-2,435100,ASH_COATED_OSMIUM,10001,6,BUY,-729276.0,-7
-2,441000,ASH_COATED_OSMIUM,10004,4,SELL,-689260.0,-11
-2,443100,ASH_COATED_OSMIUM,10002,6,SELL,-629248.0,-17
-2,450500,ASH_COATED_OSMIUM,10000,5,BUY,-679248.0,-12
-2,451200,ASH_COATED_OSMIUM,9996,5,BUY,-729228.0,-7
-2,453600,ASH_COATED_OSMIUM,9998,7,BUY,-799214.0,0
-2,461100,ASH_COATED_OSMIUM,10004,6,SELL,-739190.0,-6
-2,463300,ASH_COATED_OSMIUM,9999,6,BUY,-799184.0,0
-2,470300,ASH_COATED_OSMIUM,10004,10,SELL,-699144.0,-10
-2,472100,ASH_COATED_OSMIUM,10000,6,BUY,-759144.0,-4
-2,473700,ASH_COATED_OSMIUM,10000,7,BUY,-829144.0,3
-2,477000,ASH_COATED_OSMIUM,9999,6,BUY,-889138.0,9
-2,479400,ASH_COATED_OSMIUM,10000,8,BUY,-969138.0,17
-2,481600,ASH_COATED_OSMIUM,9999,9,BUY,-1059129.0,26
-2,486300,ASH_COATED_OSMIUM,10001,9,SELL,-969120.0,17
-2,488700,ASH_COATED_OSMIUM,9999,9,SELL,-879129.0,8
-2,489400,ASH_COATED_OSMIUM,9994,5,BUY,-929099.0,13
-2,491600,ASH_COATED_OSMIUM,9993,10,BUY,-1029029.0,23
-2,497300,ASH_COATED_OSMIUM,9992,4,BUY,-1068997.0,27
-2,504700,ASH_COATED_OSMIUM,9991,10,BUY,-1168907.0,37
-2,507000,ASH_COATED_OSMIUM,9996,10,SELL,-1068947.0,27
-2,511500,ASH_COATED_OSMIUM,9993,6,SELL,-1008989.0,21
-2,513300,ASH_COATED_OSMIUM,9989,8,BUY,-1088901.0,29
-2,521400,ASH_COATED_OSMIUM,9993,10,SELL,-988971.0,19
-2,525400,ASH_COATED_OSMIUM,9991,8,BUY,-1068899.0,27
-2,530000,ASH_COATED_OSMIUM,9997,5,SELL,-1018914.0,22
-2,533000,ASH_COATED_OSMIUM,9995,8,SELL,-938954.0,14
-2,536900,ASH_COATED_OSMIUM,9995,8,SELL,-858994.0,6
-2,537200,ASH_COATED_OSMIUM,9995,4,SELL,-819014.0,2
-2,538200,ASH_COATED_OSMIUM,9991,7,BUY,-888951.0,9
-2,542900,ASH_COATED_OSMIUM,9989,5,BUY,-938896.0,14
-2,543300,ASH_COATED_OSMIUM,9990,6,BUY,-998836.0,20
-2,545500,ASH_COATED_OSMIUM,9992,8,SELL,-918900.0,12
-2,549400,ASH_COATED_OSMIUM,9992,4,SELL,-878932.0,8
-2,551800,ASH_COATED_OSMIUM,9993,9,SELL,-788995.0,-1
-2,552900,ASH_COATED_OSMIUM,9993,5,SELL,-739030.0,-6
-2,554300,ASH_COATED_OSMIUM,9987,7,BUY,-808939.0,1
-2,554500,ASH_COATED_OSMIUM,9988,10,BUY,-908819.0,11
-2,555500,ASH_COATED_OSMIUM,9993,5,SELL,-858854.0,6
-2,556100,ASH_COATED_OSMIUM,9993,6,SELL,-798896.0,0
-2,570200,ASH_COATED_OSMIUM,9996,5,SELL,-748916.0,-5
-2,575400,ASH_COATED_OSMIUM,9999,9,SELL,-658925.0,-14
-2,580900,ASH_COATED_OSMIUM,9999,5,BUY,-708920.0,-9
-2,582200,ASH_COATED_OSMIUM,9992,9,BUY,-798848.0,0
-2,583700,ASH_COATED_OSMIUM,9992,8,BUY,-878784.0,8
-2,586600,ASH_COATED_OSMIUM,9993,4,BUY,-918756.0,12
-2,587800,ASH_COATED_OSMIUM,9994,5,SELL,-868786.0,7
-2,595900,ASH_COATED_OSMIUM,9991,4,SELL,-828822.0,3
-2,597900,ASH_COATED_OSMIUM,9994,5,SELL,-778852.0,-2
-2,599200,ASH_COATED_OSMIUM,9996,10,SELL,-678892.0,-12
-2,604200,ASH_COATED_OSMIUM,9992,8,BUY,-758828.0,-4
-2,614800,ASH_COATED_OSMIUM,9997,10,SELL,-658858.0,-14
-2,616600,ASH_COATED_OSMIUM,9992,6,BUY,-718810.0,-8
-2,621500,ASH_COATED_OSMIUM,9992,7,BUY,-788754.0,-1
-2,627200,ASH_COATED_OSMIUM,9994,10,BUY,-888694.0,9
-2,631600,ASH_COATED_OSMIUM,9999,9,SELL,-798703.0,0
-2,639800,ASH_COATED_OSMIUM,9999,8,SELL,-718711.0,-8
-2,643800,ASH_COATED_OSMIUM,9997,7,SELL,-648732.0,-15
-2,645700,ASH_COATED_OSMIUM,9994,8,BUY,-728684.0,-7
-2,651600,ASH_COATED_OSMIUM,9997,6,SELL,-668702.0,-13
-2,659600,ASH_COATED_OSMIUM,10000,6,SELL,-608702.0,-19
-2,661300,ASH_COATED_OSMIUM,10000,10,SELL,-508702.0,-29
-2,662700,ASH_COATED_OSMIUM,9999,2,BUY,-528700.0,-27
-2,665000,ASH_COATED_OSMIUM,9993,8,BUY,-608644.0,-19
-2,665100,ASH_COATED_OSMIUM,9994,5,BUY,-658614.0,-14
-2,672900,ASH_COATED_OSMIUM,9994,5,BUY,-708584.0,-9
-2,673600,ASH_COATED_OSMIUM,9993,8,BUY,-788528.0,-1
-2,673900,ASH_COATED_OSMIUM,9993,4,BUY,-828500.0,3
-2,676100,ASH_COATED_OSMIUM,9998,10,SELL,-728520.0,-7
-2,682500,ASH_COATED_OSMIUM,9999,5,SELL,-678525.0,-12
-2,689200,ASH_COATED_OSMIUM,10000,7,SELL,-608525.0,-19
-2,689900,ASH_COATED_OSMIUM,9997,9,BUY,-698498.0,-10
-2,698400,ASH_COATED_OSMIUM,9996,5,BUY,-748478.0,-5
-2,705900,ASH_COATED_OSMIUM,9995,7,BUY,-818443.0,2
-2,706800,ASH_COATED_OSMIUM,9998,10,BUY,-918423.0,12
-2,714500,ASH_COATED_OSMIUM,9994,10,BUY,-1018363.0,22
-2,722300,ASH_COATED_OSMIUM,9995,8,BUY,-1098323.0,30
-2,727300,ASH_COATED_OSMIUM,10002,9,SELL,-1008305.0,21
-2,734700,ASH_COATED_OSMIUM,9999,8,SELL,-928313.0,13
-2,736200,ASH_COATED_OSMIUM,9997,10,SELL,-828343.0,3
-2,736500,ASH_COATED_OSMIUM,9996,5,BUY,-878323.0,8
-2,737100,ASH_COATED_OSMIUM,9993,4,BUY,-918295.0,12
-2,737200,ASH_COATED_OSMIUM,9997,8,SELL,-838319.0,4
-2,741300,ASH_COATED_OSMIUM,9996,10,BUY,-938279.0,14
-2,742800,ASH_COATED_OSMIUM,10000,7,SELL,-868279.0,7
-2,755700,ASH_COATED_OSMIUM,9997,4,SELL,-828291.0,3
-2,759000,ASH_COATED_OSMIUM,9994,10,BUY,-928231.0,13
-2,760400,ASH_COATED_OSMIUM,9998,4,SELL,-888239.0,9
-2,767500,ASH_COATED_OSMIUM,9998,6,SELL,-828251.0,3
-2,768100,ASH_COATED_OSMIUM,9997,7,SELL,-758272.0,-4
-2,778400,ASH_COATED_OSMIUM,9995,3,BUY,-788257.0,-1
-2,783200,ASH_COATED_OSMIUM,9994,10,BUY,-888197.0,9
-2,786200,ASH_COATED_OSMIUM,9993,6,BUY,-948155.0,15
-2,788600,ASH_COATED_OSMIUM,9997,5,SELL,-898170.0,10
-2,793100,ASH_COATED_OSMIUM,9996,8,SELL,-818202.0,2
-2,794200,ASH_COATED_OSMIUM,9996,8,SELL,-738234.0,-6
-2,814300,ASH_COATED_OSMIUM,9996,8,SELL,-658266.0,-14
-2,815300,ASH_COATED_OSMIUM,9993,10,BUY,-758196.0,-4
-2,820300,ASH_COATED_OSMIUM,9994,5,BUY,-808166.0,1
-2,821000,ASH_COATED_OSMIUM,9998,2,SELL,-788170.0,-1
-2,824700,ASH_COATED_OSMIUM,9993,7,BUY,-858121.0,6
-2,825200,ASH_COATED_OSMIUM,9992,10,BUY,-958041.0,16
-2,839400,ASH_COATED_OSMIUM,9999,8,BUY,-1038033.0,24
-2,843400,ASH_COATED_OSMIUM,10001,5,BUY,-1088038.0,29
-2,844800,ASH_COATED_OSMIUM,10005,6,SELL,-1028008.0,23
-2,845400,ASH_COATED_OSMIUM,10005,4,SELL,-987988.0,19
-2,846200,ASH_COATED_OSMIUM,10005,8,SELL,-907948.0,11
-2,856000,ASH_COATED_OSMIUM,10005,8,SELL,-827908.0,3
-2,857400,ASH_COATED_OSMIUM,10004,9,SELL,-737872.0,-6
-2,858100,ASH_COATED_OSMIUM,10003,3,BUY,-767881.0,-3
-2,868400,ASH_COATED_OSMIUM,10001,5,BUY,-817886.0,2
-2,870700,ASH_COATED_OSMIUM,10005,10,SELL,-717836.0,-8
-2,878500,ASH_COATED_OSMIUM,10006,4,SELL,-677812.0,-12
-2,887000,ASH_COATED_OSMIUM,9997,6,BUY,-737794.0,-6
-2,897600,ASH_COATED_OSMIUM,10004,8,SELL,-657762.0,-14
-2,909200,ASH_COATED_OSMIUM,10002,4,BUY,-697770.0,-10
-2,921100,ASH_COATED_OSMIUM,10001,6,BUY,-757776.0,-4
-2,926300,ASH_COATED_OSMIUM,10007,5,SELL,-707741.0,-9
-2,934700,ASH_COATED_OSMIUM,10002,5,BUY,-757751.0,-4
-2,937300,ASH_COATED_OSMIUM,10003,6,BUY,-817769.0,2
-2,937600,ASH_COATED_OSMIUM,10003,10,BUY,-917799.0,12
-2,947700,ASH_COATED_OSMIUM,10002,4,BUY,-957807.0,16
-2,954500,ASH_COATED_OSMIUM,9999,4,BUY,-997803.0,20
-2,972300,ASH_COATED_OSMIUM,9996,5,SELL,-947823.0,15
-2,972500,ASH_COATED_OSMIUM,9997,5,SELL,-897838.0,10
-2,976400,ASH_COATED_OSMIUM,9994,4,SELL,-857862.0,6
-2,977800,ASH_COATED_OSMIUM,9994,10,SELL,-757922.0,-4
-2,978400,ASH_COATED_OSMIUM,9990,10,BUY,-857822.0,6
-2,978900,ASH_COATED_OSMIUM,9989,7,BUY,-927745.0,13
-2,988500,ASH_COATED_OSMIUM,9988,7,BUY,-997661.0,20
-2,989300,ASH_COATED_OSMIUM,9988,8,BUY,-1077565.0,28
-2,990000,ASH_COATED_OSMIUM,9988,4,BUY,-1117517.0,32
-2,993800,ASH_COATED_OSMIUM,9990,10,BUY,-1217417.0,42
-2,993900,ASH_COATED_OSMIUM,9991,5,SELL,-1167462.0,37
-2,995700,ASH_COATED_OSMIUM,9994,10,SELL,-1067522.0,27
-1,6100,ASH_COATED_OSMIUM,9992,8,BUY,-1147458.0,35
-1,8200,ASH_COATED_OSMIUM,9996,7,SELL,-1077486.0,28
-1,11800,ASH_COATED_OSMIUM,9999,6,SELL,-1017492.0,22
-1,13200,ASH_COATED_OSMIUM,9995,4,BUY,-1057472.0,26
-1,18700,ASH_COATED_OSMIUM,9998,4,BUY,-1097464.0,30
-1,19300,ASH_COATED_OSMIUM,10002,9,SELL,-1007446.0,21
-1,22100,ASH_COATED_OSMIUM,10001,10,SELL,-907436.0,11
-1,27800,ASH_COATED_OSMIUM,10003,8,SELL,-827412.0,3
-1,29700,ASH_COATED_OSMIUM,10000,4,BUY,-867412.0,7
-1,41100,ASH_COATED_OSMIUM,9999,7,BUY,-937405.0,14
-1,47100,ASH_COATED_OSMIUM,10001,7,SELL,-867398.0,7
-1,53100,ASH_COATED_OSMIUM,9999,4,SELL,-827402.0,3
-1,57700,ASH_COATED_OSMIUM,9996,8,BUY,-907370.0,11
-1,63900,ASH_COATED_OSMIUM,9999,8,SELL,-827378.0,3
-1,64200,ASH_COATED_OSMIUM,9994,8,BUY,-907330.0,11
-1,67100,ASH_COATED_OSMIUM,9999,9,SELL,-817339.0,2
-1,70800,ASH_COATED_OSMIUM,10000,8,SELL,-737339.0,-6
-1,72600,ASH_COATED_OSMIUM,9997,7,BUY,-807318.0,1
-1,73700,ASH_COATED_OSMIUM,10002,10,SELL,-707298.0,-9
-1,80300,ASH_COATED_OSMIUM,9999,5,BUY,-757293.0,-4
-1,83200,ASH_COATED_OSMIUM,10002,4,SELL,-717285.0,-8
-1,85000,ASH_COATED_OSMIUM,10000,7,BUY,-787285.0,-1
-1,91400,ASH_COATED_OSMIUM,10006,4,SELL,-747261.0,-5
-1,92600,ASH_COATED_OSMIUM,10006,4,SELL,-707237.0,-9
-1,97400,ASH_COATED_OSMIUM,9997,8,BUY,-787213.0,-1
-1,98700,ASH_COATED_OSMIUM,10001,10,SELL,-687203.0,-11
-1,99300,ASH_COATED_OSMIUM,9997,5,BUY,-737188.0,-6
-1,101800,ASH_COATED_OSMIUM,9996,5,BUY,-787168.0,-1
-1,105000,ASH_COATED_OSMIUM,9998,10,BUY,-887148.0,9
-1,113400,ASH_COATED_OSMIUM,9998,4,BUY,-927140.0,13
-1,113600,ASH_COATED_OSMIUM,10002,9,SELL,-837122.0,4
-1,114400,ASH_COATED_OSMIUM,10001,9,SELL,-747113.0,-5
-1,117300,ASH_COATED_OSMIUM,9996,5,BUY,-797093.0,0
-1,118500,ASH_COATED_OSMIUM,9997,9,BUY,-887066.0,9
-1,123600,ASH_COATED_OSMIUM,9999,5,SELL,-837071.0,4
-1,128500,ASH_COATED_OSMIUM,9997,6,SELL,-777089.0,-2
-1,130500,ASH_COATED_OSMIUM,9992,9,BUY,-867017.0,7
-1,134300,ASH_COATED_OSMIUM,9994,4,BUY,-906993.0,11
-1,135500,ASH_COATED_OSMIUM,9998,4,SELL,-867001.0,7
-1,135700,ASH_COATED_OSMIUM,9998,8,SELL,-787017.0,-1
-1,136300,ASH_COATED_OSMIUM,9995,5,BUY,-836992.0,4
-1,140400,ASH_COATED_OSMIUM,10000,7,SELL,-766992.0,-3
-1,149600,ASH_COATED_OSMIUM,10003,10,SELL,-666962.0,-13
-1,150600,ASH_COATED_OSMIUM,9998,4,BUY,-706954.0,-9
-1,150800,ASH_COATED_OSMIUM,9998,10,BUY,-806934.0,1
-1,154000,ASH_COATED_OSMIUM,9999,7,BUY,-876927.0,8
-1,161000,ASH_COATED_OSMIUM,9999,4,BUY,-916923.0,12
-1,161100,ASH_COATED_OSMIUM,10002,8,SELL,-836907.0,4
-1,165200,ASH_COATED_OSMIUM,9996,8,BUY,-916875.0,12
-1,167200,ASH_COATED_OSMIUM,10001,7,SELL,-846868.0,5
-1,170800,ASH_COATED_OSMIUM,9996,4,BUY,-886852.0,9
-1,171700,ASH_COATED_OSMIUM,9997,10,BUY,-986822.0,19
-1,175400,ASH_COATED_OSMIUM,9998,4,BUY,-1026814.0,23
-1,179300,ASH_COATED_OSMIUM,10002,6,SELL,-966802.0,17
-1,179500,ASH_COATED_OSMIUM,10002,7,SELL,-896788.0,10
-1,180700,ASH_COATED_OSMIUM,10002,8,SELL,-816772.0,2
-1,181600,ASH_COATED_OSMIUM,10004,7,SELL,-746744.0,-5
-1,182200,ASH_COATED_OSMIUM,10004,7,SELL,-676716.0,-12
-1,183700,ASH_COATED_OSMIUM,10000,5,BUY,-726716.0,-7
-1,189300,ASH_COATED_OSMIUM,10004,5,SELL,-676696.0,-12
-1,193500,ASH_COATED_OSMIUM,10002,8,BUY,-756712.0,-4
-1,196500,ASH_COATED_OSMIUM,10005,10,SELL,-656662.0,-14
-1,201900,ASH_COATED_OSMIUM,10002,4,BUY,-696670.0,-10
-1,204500,ASH_COATED_OSMIUM,9996,10,BUY,-796630.0,0
-1,204900,ASH_COATED_OSMIUM,10001,4,SELL,-756626.0,-4
-1,218100,ASH_COATED_OSMIUM,10005,6,SELL,-696596.0,-10
-1,226600,ASH_COATED_OSMIUM,10002,8,BUY,-776612.0,-2
-1,228700,ASH_COATED_OSMIUM,9999,5,BUY,-826607.0,3
-1,239800,ASH_COATED_OSMIUM,10004,5,SELL,-776587.0,-2
-1,242700,ASH_COATED_OSMIUM,10003,5,SELL,-726572.0,-7
-1,245200,ASH_COATED_OSMIUM,10000,8,BUY,-806572.0,1
-1,245900,ASH_COATED_OSMIUM,9999,6,BUY,-866566.0,7
-1,247600,ASH_COATED_OSMIUM,10004,10,SELL,-766526.0,-3
-1,252600,ASH_COATED_OSMIUM,10002,9,SELL,-676508.0,-12
-1,254500,ASH_COATED_OSMIUM,10002,8,SELL,-596492.0,-20
-1,261500,ASH_COATED_OSMIUM,10005,5,BUY,-646517.0,-15
-1,264300,ASH_COATED_OSMIUM,9998,10,BUY,-746497.0,-5
-1,266400,ASH_COATED_OSMIUM,9997,10,BUY,-846467.0,5
-1,273200,ASH_COATED_OSMIUM,9994,6,BUY,-906431.0,11
-1,273500,ASH_COATED_OSMIUM,9999,2,SELL,-886433.0,9
-1,275300,ASH_COATED_OSMIUM,9995,7,BUY,-956398.0,16
-1,277200,ASH_COATED_OSMIUM,9998,5,SELL,-906408.0,11
-1,282400,ASH_COATED_OSMIUM,9993,9,BUY,-996345.0,20
-1,283800,ASH_COATED_OSMIUM,10000,7,SELL,-926345.0,13
-1,288600,ASH_COATED_OSMIUM,9999,8,SELL,-846353.0,5
-1,292600,ASH_COATED_OSMIUM,9993,4,BUY,-886325.0,9
-1,310300,ASH_COATED_OSMIUM,10002,5,BUY,-936335.0,14
-1,312900,ASH_COATED_OSMIUM,10001,8,BUY,-1016343.0,22
-1,315700,ASH_COATED_OSMIUM,10006,4,SELL,-976319.0,18
-1,317600,ASH_COATED_OSMIUM,10005,9,SELL,-886274.0,9
-1,318600,ASH_COATED_OSMIUM,10006,8,SELL,-806226.0,1
-1,322800,ASH_COATED_OSMIUM,10003,9,BUY,-896253.0,10
-1,323700,ASH_COATED_OSMIUM,10008,8,SELL,-816189.0,2
-1,327600,ASH_COATED_OSMIUM,10008,10,SELL,-716109.0,-8
-1,330800,ASH_COATED_OSMIUM,10006,5,BUY,-766139.0,-3
-1,331500,ASH_COATED_OSMIUM,10009,5,SELL,-716094.0,-8
-1,334400,ASH_COATED_OSMIUM,10009,5,SELL,-666049.0,-13
-1,336200,ASH_COATED_OSMIUM,10009,10,SELL,-565959.0,-23
-1,338400,ASH_COATED_OSMIUM,10008,5,BUY,-615999.0,-18
-1,350300,ASH_COATED_OSMIUM,10004,4,BUY,-656015.0,-14
-1,351700,ASH_COATED_OSMIUM,10003,5,SELL,-606000.0,-19
-1,354900,ASH_COATED_OSMIUM,10000,3,BUY,-636000.0,-16
-1,357300,ASH_COATED_OSMIUM,10000,3,BUY,-666000.0,-13
-1,359600,ASH_COATED_OSMIUM,9998,8,BUY,-745984.0,-5
-1,361800,ASH_COATED_OSMIUM,10003,9,SELL,-655957.0,-14
-1,368000,ASH_COATED_OSMIUM,10000,7,BUY,-725957.0,-7
-1,377100,ASH_COATED_OSMIUM,10002,7,SELL,-655943.0,-14
-1,377600,ASH_COATED_OSMIUM,10003,5,SELL,-605928.0,-19
-1,384600,ASH_COATED_OSMIUM,10004,6,SELL,-545904.0,-25
-1,387700,ASH_COATED_OSMIUM,9998,7,BUY,-615890.0,-18
-1,390700,ASH_COATED_OSMIUM,10005,4,SELL,-575870.0,-22
-1,394900,ASH_COATED_OSMIUM,10003,8,BUY,-655894.0,-14
-1,398400,ASH_COATED_OSMIUM,10004,6,BUY,-715918.0,-8
-1,402400,ASH_COATED_OSMIUM,10007,5,BUY,-765953.0,-3
-1,405600,ASH_COATED_OSMIUM,10000,6,BUY,-825953.0,3
-1,407700,ASH_COATED_OSMIUM,9999,10,BUY,-925943.0,13
-1,420700,ASH_COATED_OSMIUM,9997,4,BUY,-965931.0,17
-1,426900,ASH_COATED_OSMIUM,9999,6,BUY,-1025925.0,23
-1,435600,ASH_COATED_OSMIUM,10002,4,BUY,-1065933.0,27
-1,440400,ASH_COATED_OSMIUM,10009,7,SELL,-995870.0,20
-1,452300,ASH_COATED_OSMIUM,10002,7,BUY,-1065884.0,27
-1,453500,ASH_COATED_OSMIUM,10002,8,BUY,-1145900.0,35
-1,457900,ASH_COATED_OSMIUM,10003,9,SELL,-1055873.0,26
-1,463600,ASH_COATED_OSMIUM,10005,4,SELL,-1015853.0,22
-1,468700,ASH_COATED_OSMIUM,10003,7,SELL,-945832.0,15
-1,484500,ASH_COATED_OSMIUM,10002,10,SELL,-845812.0,5
-1,485800,ASH_COATED_OSMIUM,10002,6,SELL,-785800.0,-1
-1,487000,ASH_COATED_OSMIUM,10003,9,SELL,-695773.0,-10
-1,487300,ASH_COATED_OSMIUM,10004,10,SELL,-595733.0,-20
-1,493400,ASH_COATED_OSMIUM,10006,10,SELL,-495673.0,-30
-1,495100,ASH_COATED_OSMIUM,10006,3,BUY,-525691.0,-27
-1,497700,ASH_COATED_OSMIUM,10001,9,BUY,-615700.0,-18
-1,502900,ASH_COATED_OSMIUM,10000,5,BUY,-665700.0,-13
-1,506800,ASH_COATED_OSMIUM,10003,5,SELL,-615685.0,-18
-1,511000,ASH_COATED_OSMIUM,10004,4,SELL,-575669.0,-22
-1,512300,ASH_COATED_OSMIUM,10005,9,SELL,-485624.0,-31
-1,512400,ASH_COATED_OSMIUM,10005,5,BUY,-535649.0,-26
-1,513700,ASH_COATED_OSMIUM,10006,4,SELL,-495625.0,-30
-1,513800,ASH_COATED_OSMIUM,10002,6,BUY,-555637.0,-24
-1,515400,ASH_COATED_OSMIUM,10005,4,BUY,-595657.0,-20
-1,517200,ASH_COATED_OSMIUM,10006,10,SELL,-495597.0,-30
-1,521400,ASH_COATED_OSMIUM,10001,5,BUY,-545602.0,-25
-1,528700,ASH_COATED_OSMIUM,10004,5,SELL,-495582.0,-30
-1,533600,ASH_COATED_OSMIUM,10004,5,BUY,-545602.0,-25
-1,538300,ASH_COATED_OSMIUM,10001,2,BUY,-565604.0,-23
-1,538700,ASH_COATED_OSMIUM,9996,6,BUY,-625580.0,-17
-1,540300,ASH_COATED_OSMIUM,9996,9,BUY,-715544.0,-8
-1,546700,ASH_COATED_OSMIUM,9998,4,BUY,-755536.0,-4
-1,548800,ASH_COATED_OSMIUM,9996,8,BUY,-835504.0,4
-1,565600,ASH_COATED_OSMIUM,9993,5,BUY,-885469.0,9
-1,567500,ASH_COATED_OSMIUM,9994,7,BUY,-955427.0,16
-1,570300,ASH_COATED_OSMIUM,9997,8,BUY,-1035403.0,24
-1,577000,ASH_COATED_OSMIUM,9997,4,BUY,-1075391.0,28
-1,578900,ASH_COATED_OSMIUM,9997,6,BUY,-1135373.0,34
-1,584700,ASH_COATED_OSMIUM,10002,10,SELL,-1035353.0,24
-1,586300,ASH_COATED_OSMIUM,10002,4,SELL,-995345.0,20
-1,589600,ASH_COATED_OSMIUM,9998,6,BUY,-1055333.0,26
-1,590300,ASH_COATED_OSMIUM,10002,8,SELL,-975317.0,18
-1,591500,ASH_COATED_OSMIUM,9999,9,BUY,-1065308.0,27
-1,593900,ASH_COATED_OSMIUM,9999,7,SELL,-995315.0,20
-1,597000,ASH_COATED_OSMIUM,10000,9,SELL,-905315.0,11
-1,598100,ASH_COATED_OSMIUM,10001,4,SELL,-865311.0,7
-1,598600,ASH_COATED_OSMIUM,9997,8,BUY,-945287.0,15
-1,599200,ASH_COATED_OSMIUM,10002,10,SELL,-845267.0,5
-1,602100,ASH_COATED_OSMIUM,10001,4,SELL,-805263.0,1
-1,603200,ASH_COATED_OSMIUM,9997,6,BUY,-865245.0,7
-1,610000,ASH_COATED_OSMIUM,9999,9,BUY,-955236.0,16
-1,611300,ASH_COATED_OSMIUM,10005,4,SELL,-915216.0,12
-1,615700,ASH_COATED_OSMIUM,10005,4,SELL,-875196.0,8
-1,617100,ASH_COATED_OSMIUM,9999,5,BUY,-925191.0,13
-1,621900,ASH_COATED_OSMIUM,9999,7,BUY,-995184.0,20
-1,622700,ASH_COATED_OSMIUM,10001,2,SELL,-975182.0,18
-1,636500,ASH_COATED_OSMIUM,10002,2,SELL,-955178.0,16
-1,638300,ASH_COATED_OSMIUM,10002,10,BUY,-1055198.0,26
-1,639600,ASH_COATED_OSMIUM,10001,7,BUY,-1125205.0,33
-1,644000,ASH_COATED_OSMIUM,10002,5,BUY,-1175215.0,38
-1,654200,ASH_COATED_OSMIUM,10005,8,BUY,-1255255.0,46
-1,658300,ASH_COATED_OSMIUM,10006,5,SELL,-1205225.0,41
-1,661200,ASH_COATED_OSMIUM,10010,9,SELL,-1115135.0,32
-1,669500,ASH_COATED_OSMIUM,10013,5,SELL,-1065070.0,27
-1,670300,ASH_COATED_OSMIUM,10009,8,BUY,-1145142.0,35
-1,672800,ASH_COATED_OSMIUM,10008,4,BUY,-1185174.0,39
-1,673400,ASH_COATED_OSMIUM,10007,2,BUY,-1205188.0,41
-1,677000,ASH_COATED_OSMIUM,10009,7,SELL,-1135125.0,34
-1,679600,ASH_COATED_OSMIUM,10004,9,BUY,-1225161.0,43
-1,681600,ASH_COATED_OSMIUM,10005,5,SELL,-1175136.0,38
-1,685800,ASH_COATED_OSMIUM,10010,7,SELL,-1105066.0,31
-1,690800,ASH_COATED_OSMIUM,10008,6,SELL,-1045018.0,25
-1,707700,ASH_COATED_OSMIUM,10001,8,BUY,-1125026.0,33
-1,711500,ASH_COATED_OSMIUM,10000,9,SELL,-1035026.0,24
-1,723600,ASH_COATED_OSMIUM,9995,5,BUY,-1085001.0,29
-1,724400,ASH_COATED_OSMIUM,10001,9,SELL,-994992.0,20
-1,726700,ASH_COATED_OSMIUM,10001,9,SELL,-904983.0,11
-1,737200,ASH_COATED_OSMIUM,9994,10,BUY,-1004923.0,21
-1,738700,ASH_COATED_OSMIUM,9997,4,SELL,-964935.0,17
-1,743100,ASH_COATED_OSMIUM,9992,9,BUY,-1054863.0,26
-1,744400,ASH_COATED_OSMIUM,9991,4,BUY,-1094827.0,30
-1,746100,ASH_COATED_OSMIUM,9990,4,BUY,-1134787.0,34
-1,749400,ASH_COATED_OSMIUM,9992,10,BUY,-1234707.0,44
-1,753500,ASH_COATED_OSMIUM,9995,7,SELL,-1164742.0,37
-1,756900,ASH_COATED_OSMIUM,9991,5,SELL,-1114787.0,32
-1,758400,ASH_COATED_OSMIUM,9993,7,SELL,-1044836.0,25
-1,762800,ASH_COATED_OSMIUM,9997,8,SELL,-964860.0,17
-1,766800,ASH_COATED_OSMIUM,9998,7,SELL,-894874.0,10
-1,767600,ASH_COATED_OSMIUM,9996,6,BUY,-954850.0,16
-1,770100,ASH_COATED_OSMIUM,9999,5,BUY,-1004845.0,21
-1,773800,ASH_COATED_OSMIUM,9999,4,BUY,-1044841.0,25
-1,775300,ASH_COATED_OSMIUM,10004,10,SELL,-944801.0,15
-1,775500,ASH_COATED_OSMIUM,10003,7,SELL,-874780.0,8
-1,781200,ASH_COATED_OSMIUM,10002,9,SELL,-784762.0,-1
-1,784300,ASH_COATED_OSMIUM,10002,4,SELL,-744754.0,-5
-1,786500,ASH_COATED_OSMIUM,10002,9,SELL,-654736.0,-14
-1,787200,ASH_COATED_OSMIUM,10001,2,BUY,-674738.0,-12
-1,788300,ASH_COATED_OSMIUM,9998,4,BUY,-714730.0,-8
-1,792200,ASH_COATED_OSMIUM,9999,6,SELL,-654736.0,-14
-1,793800,ASH_COATED_OSMIUM,9994,7,BUY,-724694.0,-7
-1,798800,ASH_COATED_OSMIUM,9997,10,SELL,-624724.0,-17
-1,798900,ASH_COATED_OSMIUM,9997,8,SELL,-544748.0,-25
-1,805300,ASH_COATED_OSMIUM,9992,6,BUY,-604700.0,-19
-1,805900,ASH_COATED_OSMIUM,9992,8,BUY,-684636.0,-11
-1,807700,ASH_COATED_OSMIUM,9990,4,BUY,-724596.0,-7
-1,808500,ASH_COATED_OSMIUM,9996,6,SELL,-664620.0,-13
-1,809200,ASH_COATED_OSMIUM,9993,5,BUY,-714585.0,-8
-1,811900,ASH_COATED_OSMIUM,9993,5,BUY,-764550.0,-3
-1,818200,ASH_COATED_OSMIUM,9993,10,BUY,-864480.0,7
-1,823100,ASH_COATED_OSMIUM,9998,9,SELL,-774498.0,-2
-1,824600,ASH_COATED_OSMIUM,9991,5,BUY,-824453.0,3
-1,831800,ASH_COATED_OSMIUM,9989,7,BUY,-894376.0,10
-1,832600,ASH_COATED_OSMIUM,9994,6,SELL,-834412.0,4
-1,836200,ASH_COATED_OSMIUM,9993,8,BUY,-914356.0,12
-1,839400,ASH_COATED_OSMIUM,9995,4,SELL,-874376.0,8
-1,840800,ASH_COATED_OSMIUM,9998,7,SELL,-804390.0,1
-1,841400,ASH_COATED_OSMIUM,9993,6,BUY,-864348.0,7
-1,843900,ASH_COATED_OSMIUM,9998,10,SELL,-764368.0,-3
-1,846700,ASH_COATED_OSMIUM,9999,9,SELL,-674377.0,-12
-1,852000,ASH_COATED_OSMIUM,9994,9,BUY,-764323.0,-3
-1,854000,ASH_COATED_OSMIUM,9994,8,BUY,-844275.0,5
-1,854800,ASH_COATED_OSMIUM,9994,7,BUY,-914233.0,12
-1,870000,ASH_COATED_OSMIUM,9999,4,BUY,-954229.0,16
-1,875100,ASH_COATED_OSMIUM,10001,4,SELL,-914225.0,12
-1,892800,ASH_COATED_OSMIUM,10000,9,BUY,-1004225.0,21
-1,895300,ASH_COATED_OSMIUM,10002,5,SELL,-954215.0,16
-1,901700,ASH_COATED_OSMIUM,9996,6,BUY,-1014191.0,22
-1,902300,ASH_COATED_OSMIUM,9995,5,BUY,-1064166.0,27
-1,909800,ASH_COATED_OSMIUM,10000,6,SELL,-1004166.0,21
-1,913000,ASH_COATED_OSMIUM,9995,7,BUY,-1074131.0,28
-1,914200,ASH_COATED_OSMIUM,9994,7,BUY,-1144089.0,35
-1,916100,ASH_COATED_OSMIUM,10000,4,SELL,-1104089.0,31
-1,928600,ASH_COATED_OSMIUM,9995,5,SELL,-1054114.0,26
-1,930700,ASH_COATED_OSMIUM,9995,4,BUY,-1094094.0,30
-1,933500,ASH_COATED_OSMIUM,10000,4,SELL,-1054094.0,26
-1,936300,ASH_COATED_OSMIUM,9995,8,BUY,-1134054.0,34
-1,937200,ASH_COATED_OSMIUM,9999,10,SELL,-1034064.0,24
-1,943100,ASH_COATED_OSMIUM,9998,8,BUY,-1114048.0,32
-1,943700,ASH_COATED_OSMIUM,10001,8,SELL,-1034040.0,24
-1,964200,ASH_COATED_OSMIUM,10006,7,SELL,-963998.0,17
-1,972800,ASH_COATED_OSMIUM,10003,5,SELL,-913983.0,12
-1,984100,ASH_COATED_OSMIUM,10006,9,SELL,-823929.0,3
-1,986600,ASH_COATED_OSMIUM,10001,4,BUY,-863933.0,7
-1,991700,ASH_COATED_OSMIUM,9999,7,BUY,-933926.0,14
-1,993200,ASH_COATED_OSMIUM,9999,10,BUY,-1033916.0,24
-1,995400,ASH_COATED_OSMIUM,10003,4,SELL,-993904.0,20
0,3600,ASH_COATED_OSMIUM,10003,5,SELL,-943889.0,15
0,6600,ASH_COATED_OSMIUM,10001,9,SELL,-853880.0,6
0,7800,ASH_COATED_OSMIUM,9998,7,BUY,-923866.0,13
0,8000,ASH_COATED_OSMIUM,10002,7,SELL,-853852.0,6
0,13000,ASH_COATED_OSMIUM,10004,9,SELL,-763816.0,-3
0,17500,ASH_COATED_OSMIUM,9999,7,BUY,-833809.0,4
0,18200,ASH_COATED_OSMIUM,9999,9,BUY,-923800.0,13
0,19700,ASH_COATED_OSMIUM,10002,6,SELL,-863788.0,7
0,21400,ASH_COATED_OSMIUM,9998,9,BUY,-953770.0,16
0,21600,ASH_COATED_OSMIUM,9998,9,BUY,-1043752.0,25
0,24100,ASH_COATED_OSMIUM,9998,5,BUY,-1093742.0,30
0,26900,ASH_COATED_OSMIUM,10003,9,SELL,-1003715.0,21
0,31200,ASH_COATED_OSMIUM,9998,8,BUY,-1083699.0,29
0,32800,ASH_COATED_OSMIUM,10002,6,SELL,-1023687.0,23
0,34200,ASH_COATED_OSMIUM,10002,9,SELL,-933669.0,14
0,37900,ASH_COATED_OSMIUM,9998,9,BUY,-1023651.0,23
0,38800,ASH_COATED_OSMIUM,10002,4,SELL,-983643.0,19
0,43200,ASH_COATED_OSMIUM,10003,7,SELL,-913622.0,12
0,50900,ASH_COATED_OSMIUM,9996,6,BUY,-973598.0,18
0,51000,ASH_COATED_OSMIUM,9995,4,BUY,-1013578.0,22
0,53700,ASH_COATED_OSMIUM,9999,6,SELL,-953584.0,16
0,66300,ASH_COATED_OSMIUM,9999,6,SELL,-893590.0,10
0,67300,ASH_COATED_OSMIUM,9994,4,BUY,-933566.0,14
0,70300,ASH_COATED_OSMIUM,9995,4,BUY,-973546.0,18
0,70700,ASH_COATED_OSMIUM,9995,6,BUY,-1033516.0,24
0,72900,ASH_COATED_OSMIUM,9997,7,BUY,-1103495.0,31
0,74000,ASH_COATED_OSMIUM,9999,4,SELL,-1063499.0,27
0,79200,ASH_COATED_OSMIUM,10000,8,BUY,-1143499.0,35
0,89200,ASH_COATED_OSMIUM,9999,2,SELL,-1123501.0,33
0,91200,ASH_COATED_OSMIUM,10000,10,BUY,-1223501.0,43
0,92400,ASH_COATED_OSMIUM,10000,10,BUY,-1323501.0,53
0,101100,ASH_COATED_OSMIUM,10002,3,SELL,-1293495.0,50
0,102000,ASH_COATED_OSMIUM,10005,7,SELL,-1223460.0,43
0,105500,ASH_COATED_OSMIUM,10000,3,SELL,-1193460.0,40
0,113900,ASH_COATED_OSMIUM,10004,5,SELL,-1143440.0,35
0,119700,ASH_COATED_OSMIUM,10001,7,BUY,-1213447.0,42
0,120800,ASH_COATED_OSMIUM,10002,5,SELL,-1163437.0,37
0,122200,ASH_COATED_OSMIUM,10001,7,BUY,-1233444.0,44
0,123200,ASH_COATED_OSMIUM,10000,9,BUY,-1323444.0,53
0,128900,ASH_COATED_OSMIUM,9999,3,SELL,-1293447.0,50
0,129500,ASH_COATED_OSMIUM,9998,5,BUY,-1343437.0,55
0,131600,ASH_COATED_OSMIUM,10002,9,SELL,-1253419.0,46
0,132200,ASH_COATED_OSMIUM,10002,5,SELL,-1203409.0,41
0,134500,ASH_COATED_OSMIUM,10001,9,SELL,-1113400.0,32
0,139200,ASH_COATED_OSMIUM,10004,9,SELL,-1023364.0,23
0,139900,ASH_COATED_OSMIUM,10000,6,BUY,-1083364.0,29
0,141800,ASH_COATED_OSMIUM,10003,7,SELL,-1013343.0,22
0,146500,ASH_COATED_OSMIUM,9999,8,BUY,-1093335.0,30
0,154100,ASH_COATED_OSMIUM,10001,5,BUY,-1143340.0,35
0,154800,ASH_COATED_OSMIUM,10001,4,BUY,-1183344.0,39
0,158100,ASH_COATED_OSMIUM,10004,6,BUY,-1243368.0,45
0,161400,ASH_COATED_OSMIUM,10003,3,SELL,-1213359.0,42
0,163200,ASH_COATED_OSMIUM,10000,10,BUY,-1313359.0,52
0,167300,ASH_COATED_OSMIUM,10008,10,SELL,-1213279.0,42
0,169500,ASH_COATED_OSMIUM,10006,8,SELL,-1133231.0,34
0,173400,ASH_COATED_OSMIUM,10005,2,SELL,-1113221.0,32
0,174200,ASH_COATED_OSMIUM,10003,8,BUY,-1193245.0,40
0,175300,ASH_COATED_OSMIUM,10002,10,BUY,-1293265.0,50
0,176700,ASH_COATED_OSMIUM,10005,8,SELL,-1213225.0,42
0,177500,ASH_COATED_OSMIUM,10003,2,SELL,-1193219.0,40
0,181700,ASH_COATED_OSMIUM,10005,7,BUY,-1263254.0,47
0,194000,ASH_COATED_OSMIUM,10007,4,SELL,-1223226.0,43
0,197200,ASH_COATED_OSMIUM,10007,4,SELL,-1183198.0,39
0,202600,ASH_COATED_OSMIUM,10004,4,SELL,-1143182.0,35
0,205800,ASH_COATED_OSMIUM,9999,3,BUY,-1173179.0,38
0,206400,ASH_COATED_OSMIUM,9999,9,BUY,-1263170.0,47
0,213500,ASH_COATED_OSMIUM,9999,10,SELL,-1163180.0,37
0,214100,ASH_COATED_OSMIUM,9996,3,SELL,-1133192.0,34
0,216100,ASH_COATED_OSMIUM,9998,4,SELL,-1093200.0,30
0,216300,ASH_COATED_OSMIUM,10001,10,SELL,-993190.0,20
0,219600,ASH_COATED_OSMIUM,10003,4,SELL,-953178.0,16
0,223700,ASH_COATED_OSMIUM,9999,7,BUY,-1023171.0,23
0,227400,ASH_COATED_OSMIUM,10000,9,SELL,-933171.0,14
0,235700,ASH_COATED_OSMIUM,9998,10,SELL,-833191.0,4
0,240600,ASH_COATED_OSMIUM,9997,10,SELL,-733221.0,-6
0,243700,ASH_COATED_OSMIUM,9993,4,BUY,-773193.0,-2
0,246500,ASH_COATED_OSMIUM,9995,8,SELL,-693233.0,-10
0,255300,ASH_COATED_OSMIUM,9992,8,BUY,-773169.0,-2
0,255500,ASH_COATED_OSMIUM,9992,10,BUY,-873089.0,8
0,255900,ASH_COATED_OSMIUM,9993,5,SELL,-823124.0,3
0,261600,ASH_COATED_OSMIUM,10000,10,SELL,-723124.0,-7
0,261700,ASH_COATED_OSMIUM,10000,9,SELL,-633124.0,-16
0,266100,ASH_COATED_OSMIUM,10003,9,SELL,-543097.0,-25
0,267400,ASH_COATED_OSMIUM,10002,3,BUY,-573103.0,-22
0,275200,ASH_COATED_OSMIUM,10001,6,BUY,-633109.0,-16
0,276700,ASH_COATED_OSMIUM,10003,5,BUY,-683124.0,-11
0,282000,ASH_COATED_OSMIUM,10004,10,SELL,-583084.0,-21
0,295500,ASH_COATED_OSMIUM,10002,3,BUY,-613090.0,-18
0,296100,ASH_COATED_OSMIUM,9998,8,BUY,-693074.0,-10
0,297100,ASH_COATED_OSMIUM,10000,5,BUY,-743074.0,-5
0,297500,ASH_COATED_OSMIUM,10004,9,SELL,-653038.0,-14
0,297900,ASH_COATED_OSMIUM,10002,6,BUY,-713050.0,-8
0,299300,ASH_COATED_OSMIUM,10005,6,SELL,-653020.0,-14
0,299400,ASH_COATED_OSMIUM,10001,8,BUY,-733028.0,-6
0,301700,ASH_COATED_OSMIUM,9999,9,BUY,-823019.0,3
0,304400,ASH_COATED_OSMIUM,10002,10,SELL,-722999.0,-7
0,305000,ASH_COATED_OSMIUM,9999,4,BUY,-762995.0,-3
0,308900,ASH_COATED_OSMIUM,9999,10,BUY,-862985.0,7
0,309000,ASH_COATED_OSMIUM,9998,9,BUY,-952967.0,16
0,309900,ASH_COATED_OSMIUM,10001,5,SELL,-902962.0,11
0,310100,ASH_COATED_OSMIUM,10001,9,SELL,-812953.0,2
0,310900,ASH_COATED_OSMIUM,9998,5,BUY,-862943.0,7
0,322900,ASH_COATED_OSMIUM,10001,9,BUY,-952952.0,16
0,330600,ASH_COATED_OSMIUM,10000,10,BUY,-1052952.0,26
0,330800,ASH_COATED_OSMIUM,10004,7,SELL,-982924.0,19
0,333500,ASH_COATED_OSMIUM,10000,8,BUY,-1062924.0,27
0,340900,ASH_COATED_OSMIUM,10002,4,SELL,-1022916.0,23
0,345600,ASH_COATED_OSMIUM,10001,4,BUY,-1062920.0,27
0,349400,ASH_COATED_OSMIUM,10003,10,SELL,-962890.0,17
0,351300,ASH_COATED_OSMIUM,10003,9,SELL,-872863.0,8
0,353800,ASH_COATED_OSMIUM,10003,8,SELL,-792839.0,0
0,365700,ASH_COATED_OSMIUM,10001,8,BUY,-872847.0,8
0,368900,ASH_COATED_OSMIUM,9999,8,BUY,-952839.0,16
0,369000,ASH_COATED_OSMIUM,10004,9,SELL,-862803.0,7
0,371900,ASH_COATED_OSMIUM,10000,5,BUY,-912803.0,12
0,373400,ASH_COATED_OSMIUM,10001,6,BUY,-972809.0,18
0,374600,ASH_COATED_OSMIUM,10001,7,BUY,-1042816.0,25
0,379400,ASH_COATED_OSMIUM,10001,5,BUY,-1092821.0,30
0,381500,ASH_COATED_OSMIUM,10001,6,BUY,-1152827.0,36
0,383000,ASH_COATED_OSMIUM,10002,4,SELL,-1112819.0,32
0,394100,ASH_COATED_OSMIUM,10004,8,SELL,-1032787.0,24
0,396400,ASH_COATED_OSMIUM,9999,7,BUY,-1102780.0,31
0,398800,ASH_COATED_OSMIUM,10001,5,BUY,-1152785.0,36
0,401700,ASH_COATED_OSMIUM,10001,5,BUY,-1202790.0,41
0,402700,ASH_COATED_OSMIUM,10000,8,BUY,-1282790.0,49
0,414200,ASH_COATED_OSMIUM,9999,7,BUY,-1352783.0,56
0,417000,ASH_COATED_OSMIUM,10000,5,SELL,-1302783.0,51
0,421300,ASH_COATED_OSMIUM,9999,6,BUY,-1362777.0,57
0,427600,ASH_COATED_OSMIUM,9996,4,SELL,-1322793.0,53
0,428500,ASH_COATED_OSMIUM,9997,4,SELL,-1282805.0,49
0,435600,ASH_COATED_OSMIUM,9998,10,SELL,-1182825.0,39
0,437300,ASH_COATED_OSMIUM,9995,5,SELL,-1132850.0,34
0,442100,ASH_COATED_OSMIUM,9999,4,SELL,-1092854.0,30
0,444900,ASH_COATED_OSMIUM,9999,10,BUY,-1192844.0,40
0,447000,ASH_COATED_OSMIUM,10000,7,BUY,-1262844.0,47
0,448700,ASH_COATED_OSMIUM,10000,5,BUY,-1312844.0,52
0,453200,ASH_COATED_OSMIUM,10002,3,SELL,-1282838.0,49
0,462200,ASH_COATED_OSMIUM,10007,8,SELL,-1202782.0,41
0,466000,ASH_COATED_OSMIUM,10006,6,SELL,-1142746.0,35
0,471500,ASH_COATED_OSMIUM,10004,7,BUY,-1212774.0,42
0,473000,ASH_COATED_OSMIUM,10001,9,BUY,-1302783.0,51
0,473600,ASH_COATED_OSMIUM,10001,4,BUY,-1342787.0,55
0,474900,ASH_COATED_OSMIUM,10001,2,SELL,-1322785.0,53
0,476800,ASH_COATED_OSMIUM,10002,7,SELL,-1252771.0,46
0,480100,ASH_COATED_OSMIUM,9998,3,SELL,-1222777.0,43
0,485100,ASH_COATED_OSMIUM,10000,4,SELL,-1182777.0,39
0,487500,ASH_COATED_OSMIUM,9998,4,SELL,-1142785.0,35
0,488100,ASH_COATED_OSMIUM,9999,4,SELL,-1102789.0,31
0,490800,ASH_COATED_OSMIUM,10003,9,SELL,-1012762.0,22
0,495600,ASH_COATED_OSMIUM,10000,6,BUY,-1072762.0,28
0,497100,ASH_COATED_OSMIUM,9999,9,BUY,-1162753.0,37
0,498800,ASH_COATED_OSMIUM,10001,8,SELL,-1082745.0,29
0,499800,ASH_COATED_OSMIUM,9998,5,BUY,-1132735.0,34
0,500000,ASH_COATED_OSMIUM,9998,8,BUY,-1212719.0,42
0,506800,ASH_COATED_OSMIUM,10000,2,SELL,-1192719.0,40
0,508600,ASH_COATED_OSMIUM,10000,3,SELL,-1162719.0,37
0,510900,ASH_COATED_OSMIUM,10002,2,SELL,-1142715.0,35
0,519200,ASH_COATED_OSMIUM,10005,2,SELL,-1122705.0,33
0,521900,ASH_COATED_OSMIUM,10009,9,SELL,-1032624.0,24
0,529500,ASH_COATED_OSMIUM,10007,5,SELL,-982589.0,19
0,532700,ASH_COATED_OSMIUM,10008,7,SELL,-912533.0,12
0,534100,ASH_COATED_OSMIUM,10010,7,SELL,-842463.0,5
0,535200,ASH_COATED_OSMIUM,10009,7,BUY,-912526.0,12
0,536100,ASH_COATED_OSMIUM,10013,8,SELL,-832422.0,4
0,546400,ASH_COATED_OSMIUM,10012,9,BUY,-922530.0,13
0,558300,ASH_COATED_OSMIUM,10012,4,SELL,-882482.0,9
0,570400,ASH_COATED_OSMIUM,10007,7,BUY,-952531.0,16
0,572400,ASH_COATED_OSMIUM,10009,6,SELL,-892477.0,10
0,573000,ASH_COATED_OSMIUM,10010,9,SELL,-802387.0,1
0,579600,ASH_COATED_OSMIUM,10010,9,SELL,-712297.0,-8
0,587800,ASH_COATED_OSMIUM,10003,6,BUY,-772315.0,-2
0,588700,ASH_COATED_OSMIUM,10002,10,BUY,-872335.0,8
0,592900,ASH_COATED_OSMIUM,10003,5,BUY,-922350.0,13
0,594700,ASH_COATED_OSMIUM,10003,7,BUY,-992371.0,20
0,599600,ASH_COATED_OSMIUM,10003,4,SELL,-952359.0,16
0,601100,ASH_COATED_OSMIUM,10000,4,BUY,-992359.0,20
0,605300,ASH_COATED_OSMIUM,10006,7,SELL,-922317.0,13
0,611000,ASH_COATED_OSMIUM,10003,6,SELL,-862299.0,7
0,611400,ASH_COATED_OSMIUM,9998,8,BUY,-942283.0,15
0,623600,ASH_COATED_OSMIUM,10001,4,BUY,-982287.0,19
0,626400,ASH_COATED_OSMIUM,10002,8,SELL,-902271.0,11
0,629000,ASH_COATED_OSMIUM,10002,7,SELL,-832257.0,4
0,630400,ASH_COATED_OSMIUM,9998,5,BUY,-882247.0,9
0,633000,ASH_COATED_OSMIUM,10004,6,SELL,-822223.0,3
0,633300,ASH_COATED_OSMIUM,10003,6,SELL,-762205.0,-3
0,633900,ASH_COATED_OSMIUM,10004,9,SELL,-672169.0,-12
0,635800,ASH_COATED_OSMIUM,10000,6,BUY,-732169.0,-6
0,636500,ASH_COATED_OSMIUM,10004,7,SELL,-662141.0,-13
0,639600,ASH_COATED_OSMIUM,10001,8,BUY,-742149.0,-5
0,641900,ASH_COATED_OSMIUM,10006,6,SELL,-682113.0,-11
0,648300,ASH_COATED_OSMIUM,10000,8,BUY,-762113.0,-3
0,655000,ASH_COATED_OSMIUM,10001,5,SELL,-712108.0,-8
0,655300,ASH_COATED_OSMIUM,9997,4,BUY,-752096.0,-4
0,656900,ASH_COATED_OSMIUM,9996,5,BUY,-802076.0,1
0,658900,ASH_COATED_OSMIUM,9999,8,SELL,-722084.0,-7
0,659800,ASH_COATED_OSMIUM,9997,2,BUY,-742078.0,-5
0,666900,ASH_COATED_OSMIUM,9987,6,BUY,-802000.0,1
0,672400,ASH_COATED_OSMIUM,9998,10,SELL,-702020.0,-9
0,683400,ASH_COATED_OSMIUM,9996,7,SELL,-632048.0,-16
0,683500,ASH_COATED_OSMIUM,9992,7,BUY,-701992.0,-9
0,685000,ASH_COATED_OSMIUM,9990,7,BUY,-771922.0,-2
0,685300,ASH_COATED_OSMIUM,9990,5,BUY,-821872.0,3
0,687900,ASH_COATED_OSMIUM,9992,10,BUY,-921792.0,13
0,695100,ASH_COATED_OSMIUM,9990,9,BUY,-1011702.0,22
0,698500,ASH_COATED_OSMIUM,9989,5,BUY,-1061647.0,27
0,700900,ASH_COATED_OSMIUM,9991,7,SELL,-991710.0,20
0,702100,ASH_COATED_OSMIUM,9987,5,BUY,-1041645.0,25
0,702400,ASH_COATED_OSMIUM,9992,6,SELL,-981693.0,19
0,706700,ASH_COATED_OSMIUM,9988,7,BUY,-1051609.0,26
0,708000,ASH_COATED_OSMIUM,9992,9,SELL,-961681.0,17
0,714200,ASH_COATED_OSMIUM,9986,7,BUY,-1031583.0,24
0,714600,ASH_COATED_OSMIUM,9990,8,SELL,-951663.0,16
0,715400,ASH_COATED_OSMIUM,9989,4,SELL,-911707.0,12
0,717000,ASH_COATED_OSMIUM,9988,9,SELL,-821815.0,3
0,719400,ASH_COATED_OSMIUM,9985,6,BUY,-881725.0,9
0,721800,ASH_COATED_OSMIUM,9984,8,BUY,-961597.0,17
0,725800,ASH_COATED_OSMIUM,9990,5,SELL,-911647.0,12
0,729900,ASH_COATED_OSMIUM,9993,7,SELL,-841696.0,5
0,736500,ASH_COATED_OSMIUM,9993,5,SELL,-791731.0,0
0,736600,ASH_COATED_OSMIUM,9989,10,BUY,-891621.0,10
0,742100,ASH_COATED_OSMIUM,9990,8,BUY,-971541.0,18
0,742700,ASH_COATED_OSMIUM,9995,5,SELL,-921566.0,13
0,744800,ASH_COATED_OSMIUM,9995,5,SELL,-871591.0,8
0,744900,ASH_COATED_OSMIUM,9991,4,BUY,-911555.0,12
0,746000,ASH_COATED_OSMIUM,9995,9,SELL,-821600.0,3
0,751900,ASH_COATED_OSMIUM,9995,9,BUY,-911555.0,12
0,758300,ASH_COATED_OSMIUM,9996,5,BUY,-961535.0,17
0,767500,ASH_COATED_OSMIUM,9995,4,BUY,-1001515.0,21
0,773700,ASH_COATED_OSMIUM,10001,4,SELL,-961511.0,17
0,773900,ASH_COATED_OSMIUM,9998,8,BUY,-1041495.0,25
0,779500,ASH_COATED_OSMIUM,9998,4,SELL,-1001503.0,21
0,783300,ASH_COATED_OSMIUM,9998,4,SELL,-961511.0,17
0,785000,ASH_COATED_OSMIUM,9999,6,SELL,-901517.0,11
0,785800,ASH_COATED_OSMIUM,9994,10,BUY,-1001457.0,21
0,791200,ASH_COATED_OSMIUM,9998,6,SELL,-941469.0,15
0,800400,ASH_COATED_OSMIUM,9997,9,SELL,-851496.0,6
0,812800,ASH_COATED_OSMIUM,10003,4,SELL,-811484.0,2
0,814900,ASH_COATED_OSMIUM,10004,6,SELL,-751460.0,-4
0,821800,ASH_COATED_OSMIUM,10004,6,SELL,-691436.0,-10
0,823500,ASH_COATED_OSMIUM,9999,6,BUY,-751430.0,-4
0,827600,ASH_COATED_OSMIUM,10001,5,BUY,-801435.0,1
0,828100,ASH_COATED_OSMIUM,10002,9,BUY,-891453.0,10
0,831600,ASH_COATED_OSMIUM,10001,9,BUY,-981462.0,19
0,834500,ASH_COATED_OSMIUM,10005,5,SELL,-931437.0,14
0,835800,ASH_COATED_OSMIUM,10005,5,BUY,-981462.0,19
0,836500,ASH_COATED_OSMIUM,10005,8,BUY,-1061502.0,27
0,844400,ASH_COATED_OSMIUM,10003,10,BUY,-1161532.0,37
0,847400,ASH_COATED_OSMIUM,10003,9,BUY,-1251559.0,46
0,848100,ASH_COATED_OSMIUM,10004,2,SELL,-1231551.0,44
0,850200,ASH_COATED_OSMIUM,10004,2,SELL,-1211543.0,42
0,850400,ASH_COATED_OSMIUM,10008,9,SELL,-1121471.0,33
0,852600,ASH_COATED_OSMIUM,10003,10,BUY,-1221501.0,43
0,852800,ASH_COATED_OSMIUM,10007,6,SELL,-1161459.0,37
0,853200,ASH_COATED_OSMIUM,10006,10,SELL,-1061399.0,27
0,866200,ASH_COATED_OSMIUM,10002,9,SELL,-971381.0,18
0,867500,ASH_COATED_OSMIUM,10000,10,SELL,-871381.0,8
0,868400,ASH_COATED_OSMIUM,10001,10,SELL,-771371.0,-2
0,870800,ASH_COATED_OSMIUM,9996,8,BUY,-851339.0,6
0,871500,ASH_COATED_OSMIUM,9996,6,BUY,-911315.0,12
0,873500,ASH_COATED_OSMIUM,10002,8,SELL,-831299.0,4
0,875600,ASH_COATED_OSMIUM,10000,10,SELL,-731299.0,-6
0,877700,ASH_COATED_OSMIUM,9996,9,BUY,-821263.0,3
0,878200,ASH_COATED_OSMIUM,10001,5,SELL,-771258.0,-2
0,879400,ASH_COATED_OSMIUM,9997,4,BUY,-811246.0,2
0,884800,ASH_COATED_OSMIUM,9995,5,BUY,-861221.0,7
0,891400,ASH_COATED_OSMIUM,9999,10,SELL,-761231.0,-3
0,893400,ASH_COATED_OSMIUM,9996,10,BUY,-861191.0,7
0,897000,ASH_COATED_OSMIUM,9997,4,BUY,-901179.0,11
0,898600,ASH_COATED_OSMIUM,9997,5,BUY,-951164.0,16
0,900200,ASH_COATED_OSMIUM,10001,4,SELL,-911160.0,12
0,903200,ASH_COATED_OSMIUM,10000,8,BUY,-991160.0,20
0,904600,ASH_COATED_OSMIUM,10005,4,SELL,-951140.0,16
0,907400,ASH_COATED_OSMIUM,10008,7,SELL,-881084.0,9
0,908400,ASH_COATED_OSMIUM,10009,6,SELL,-821030.0,3
0,913400,ASH_COATED_OSMIUM,10013,8,SELL,-740926.0,-5
0,914200,ASH_COATED_OSMIUM,10009,7,BUY,-810989.0,2
0,914700,ASH_COATED_OSMIUM,10008,10,BUY,-911069.0,12
0,915500,ASH_COATED_OSMIUM,10009,6,BUY,-971123.0,18
0,916100,ASH_COATED_OSMIUM,10010,3,SELL,-941093.0,15
0,917200,ASH_COATED_OSMIUM,10012,9,SELL,-850985.0,6
0,917400,ASH_COATED_OSMIUM,10008,5,BUY,-901025.0,11
0,929200,ASH_COATED_OSMIUM,10004,1,BUY,-911029.0,12
0,930300,ASH_COATED_OSMIUM,10006,4,SELL,-871005.0,8
0,932400,ASH_COATED_OSMIUM,10004,6,BUY,-931029.0,14
0,933100,ASH_COATED_OSMIUM,10009,7,SELL,-860966.0,7
0,935900,ASH_COATED_OSMIUM,10005,7,BUY,-931001.0,14
0,941300,ASH_COATED_OSMIUM,10007,4,SELL,-890973.0,10
0,944000,ASH_COATED_OSMIUM,10004,8,BUY,-971005.0,18
0,946700,ASH_COATED_OSMIUM,10004,6,BUY,-1031029.0,24
0,948300,ASH_COATED_OSMIUM,10004,8,BUY,-1111061.0,32
0,956900,ASH_COATED_OSMIUM,10009,5,SELL,-1061016.0,27
0,959800,ASH_COATED_OSMIUM,10014,4,SELL,-1020960.0,23
0,964600,ASH_COATED_OSMIUM,10013,9,SELL,-930843.0,14
0,965300,ASH_COATED_OSMIUM,10009,6,BUY,-990897.0,20
0,971500,ASH_COATED_OSMIUM,10008,7,BUY,-1060953.0,27
0,976900,ASH_COATED_OSMIUM,10009,8,SELL,-980881.0,19
0,979300,ASH_COATED_OSMIUM,10010,4,SELL,-940841.0,15
0,980300,ASH_COATED_OSMIUM,10010,4,SELL,-900801.0,11
0,981600,ASH_COATED_OSMIUM,10004,4,BUY,-940817.0,15
0,985400,ASH_COATED_OSMIUM,10009,9,SELL,-850736.0,6
0,988500,ASH_COATED_OSMIUM,10004,6,BUY,-910760.0,12
0,992100,ASH_COATED_OSMIUM,10007,8,BUY,-990816.0,20
0,992700,ASH_COATED_OSMIUM,10010,9,SELL,-900726.0,11
0,992800,ASH_COATED_OSMIUM,10006,10,BUY,-1000786.0,21
0,993100,ASH_COATED_OSMIUM,10010,5,SELL,-950736.0,16
0,996100,ASH_COATED_OSMIUM,10005,4,BUY,-990756.0,20
0,997000,ASH_COATED_OSMIUM,10009,9,SELL,-900675.0,11
